Country,District,Gender,Residence,Year,Quarter,U5_Mortality_Rate,Healthcare_Access_Index,Conflict_Exposure,Maternal_Education_Years,Seasonality_Flag
Uganda,District A,Male,Urban,2018,1,64.4976551083605,0.8898455001363846,0,9,Normal Season
Uganda,District A,Male,Urban,2019,1,75.15433072450408,0.5499874579090014,0,4,Normal Season
Uganda,District A,Male,Urban,2020,1,73.92579750402459,0.5282057895135501,0,5,Normal Season
Uganda,District A,Male,Urban,2021,1,60.70815333069441,0.5909124836035503,0,11,Normal Season
Uganda,District A,Male,Urban,2022,1,43.87450987306399,0.645614570099021,0,9,Normal Season
Uganda,District A,Male,Rural,2018,1,79.50369682396904,0.6460723242676091,0,2,Normal Season
Uganda,District A,Male,Rural,2019,1,95.59488031037792,0.5232252063599989,0,4,Normal Season
Uganda,District A,Male,Rural,2020,1,73.94233021879602,0.5325257964926398,1,11,Normal Season
Uganda,District A,Male,Rural,2021,1,63.99746149894088,0.5488360570031919,0,11,Normal Season
Uganda,District A,Male,Rural,2022,1,79.47439821046639,0.8049983288913105,1,2,Normal Season
Uganda,District A,Female,Urban,2018,1,58.06841770510908,0.8776807051588262,0,5,Normal Season
Uganda,District A,Female,Urban,2019,1,65.90948098276068,0.7838501639099957,0,1,Normal Season
Uganda,District A,Female,Urban,2020,1,48.21665753176291,0.9633294328968972,0,7,Normal Season
Uganda,District A,Female,Urban,2021,1,59.56103591765165,0.5979914312095727,0,7,Normal Season
Uganda,District A,Female,Urban,2022,1,55.214780096325725,0.9143687545759648,0,11,Normal Season
Uganda,District A,Female,Rural,2018,1,62.801557916052914,0.7713480415791243,0,12,Normal Season
Uganda,District A,Female,Rural,2019,1,69.56463197526502,0.6974407590877849,0,10,Normal Season
Uganda,District A,Female,Rural,2020,1,67.24699089753607,0.8534286719238086,0,0,Normal Season
Uganda,District A,Female,Rural,2021,1,67.92834109895426,0.5579345297625649,1,7,Normal Season
Uganda,District A,Female,Rural,2022,1,63.7652260501504,0.6654490124263246,0,6,Normal Season
Uganda,District B,Male,Urban,2018,1,81.79716344700701,0.8187787356776066,1,0,Normal Season
Uganda,District B,Male,Urban,2019,1,61.017920605443216,0.5597971229691509,0,0,Normal Season
Uganda,District B,Male,Urban,2020,1,84.95434252883473,0.7468977981821954,0,9,Normal Season
Uganda,District B,Male,Urban,2021,1,73.38181251993319,0.7196682509328851,0,6,Normal Season
Uganda,District B,Male,Urban,2022,1,70.91760776535503,0.9537832369630466,0,12,Normal Season
Uganda,District B,Male,Rural,2018,1,50.12431085399108,0.8777755692715243,0,6,Normal Season
Uganda,District B,Male,Rural,2019,1,77.0498131133272,0.8121770240668966,0,4,Normal Season
Uganda,District B,Male,Rural,2020,1,73.60923377591135,0.7282672852414551,0,3,Normal Season
Uganda,District B,Male,Rural,2021,1,66.55919458688682,0.5610439773503366,0,0,Normal Season
Uganda,District B,Male,Rural,2022,1,77.50785885589421,0.6139675812709708,0,3,Normal Season
Uganda,District B,Female,Urban,2018,1,43.4482395243653,0.6110539052353652,0,11,Normal Season
Uganda,District B,Female,Urban,2019,1,73.45517943888767,0.9714548519562596,0,7,Normal Season
Uganda,District B,Female,Urban,2020,1,63.37261686621787,0.6269577069671723,0,6,Normal Season
Uganda,District B,Female,Urban,2021,1,68.53527193258384,0.856135294962221,0,7,Normal Season
Uganda,District B,Female,Urban,2022,1,65.58233976773987,0.6725356240133415,0,1,Normal Season
Uganda,District B,Female,Rural,2018,1,69.15834914818822,0.7447263801387816,1,6,Normal Season
Uganda,District B,Female,Rural,2019,1,67.85675516743807,0.621079969138713,1,4,Normal Season
Uganda,District B,Female,Rural,2020,1,63.10805789535755,0.9917115704474216,0,0,Normal Season
Uganda,District B,Female,Rural,2021,1,60.09463674869312,0.520387570777382,0,10,Normal Season
Uganda,District B,Female,Rural,2022,1,64.33702270397228,0.508293914463928,0,2,Normal Season
Uganda,District C,Male,Urban,2018,1,59.37696286273895,0.845468869051233,0,1,Normal Season
Uganda,District C,Male,Urban,2019,1,74.73592430635182,0.5687604720729966,0,8,Normal Season
Uganda,District C,Male,Urban,2020,1,78.1351721736967,0.908611100100608,0,11,Normal Season
Uganda,District C,Male,Urban,2021,1,57.69135683566045,0.6209261454502258,0,11,Normal Season
Uganda,District C,Male,Urban,2022,1,72.59882794248423,0.6695148955243504,0,2,Normal Season
Uganda,District C,Male,Rural,2018,1,77.81822871777311,0.9435432121325588,0,7,Normal Season
Uganda,District C,Male,Rural,2019,1,72.26288269498875,0.5045985258083148,0,2,Normal Season
Uganda,District C,Male,Rural,2020,1,78.47401432576639,0.5025307919231093,0,1,Normal Season
Uganda,District C,Male,Rural,2021,1,80.49347392320865,0.61213465473028,0,0,Normal Season
Uganda,District C,Male,Rural,2022,1,83.251056615142,0.6626998490796339,0,7,Normal Season
Uganda,District C,Female,Urban,2018,1,60.40105367886094,0.7712701152774497,0,5,Normal Season
Uganda,District C,Female,Urban,2019,1,81.0492821845015,0.6252309093027921,0,5,Normal Season
Uganda,District C,Female,Urban,2020,1,79.10512218494668,0.7171971827552144,0,0,Normal Season
Uganda,District C,Female,Urban,2021,1,69.7027464231261,0.8344620298315498,1,11,Normal Season
Uganda,District C,Female,Urban,2022,1,97.83938046489835,0.8842770071531545,0,11,Normal Season
Uganda,District C,Female,Rural,2018,1,69.68813201833156,0.7349722569954715,0,5,Normal Season
Uganda,District C,Female,Rural,2019,1,76.06129363099085,0.7861462345854191,1,3,Normal Season
Uganda,District C,Female,Rural,2020,1,50.557704062504,0.652848509643591,0,0,Normal Season
Uganda,District C,Female,Rural,2021,1,46.819317518121714,0.6973457334047362,1,2,Normal Season
Uganda,District C,Female,Rural,2022,1,67.31981648157128,0.535208065424772,0,5,Normal Season
Kenya,District A,Male,Urban,2018,1,70.58208718446,0.9386865359639778,0,0,Normal Season
Kenya,District A,Male,Urban,2019,1,58.57029702169377,0.8512420419935547,0,12,Normal Season
Kenya,District A,Male,Urban,2020,1,75.1503526720866,0.9335361592900518,1,9,Normal Season
Kenya,District A,Male,Urban,2021,1,75.1378595091221,0.7507581473435998,0,0,Normal Season
Kenya,District A,Male,Urban,2022,1,79.54001763493203,0.9450026709087832,0,11,Normal Season
Kenya,District A,Male,Rural,2018,1,76.51391251305797,0.5469909699204345,0,5,Normal Season
Kenya,District A,Male,Rural,2019,1,93.14658566673508,0.6432706260641422,0,5,Normal Season
Kenya,District A,Male,Rural,2020,1,51.32734807408252,0.5186740943746072,1,5,Normal Season
Kenya,District A,Male,Rural,2021,1,70.64280019095463,0.8849967765493054,0,4,Normal Season
Kenya,District A,Male,Rural,2022,1,59.22255222070694,0.542673732496884,0,3,Normal Season
Kenya,District A,Female,Urban,2018,1,91.43944089325323,0.8630456668613308,1,11,Normal Season
Kenya,District A,Female,Urban,2019,1,76.33919022318011,0.661478236470623,0,2,Normal Season
Kenya,District A,Female,Urban,2020,1,61.424511143389,0.592166837165685,0,8,Normal Season
Kenya,District A,Female,Urban,2021,1,78.40005376622429,0.7044764722071349,0,0,Normal Season
Kenya,District A,Female,Urban,2022,1,73.17767032437119,0.8572979613500311,0,4,Normal Season
Kenya,District A,Female,Rural,2018,1,53.877726928254766,0.977432640331597,0,4,Normal Season
Kenya,District A,Female,Rural,2019,1,58.16426832055463,0.5600823239028211,0,11,Normal Season
Kenya,District A,Female,Rural,2020,1,72.28970432230437,0.5470784941342801,0,3,Normal Season
Kenya,District A,Female,Rural,2021,1,60.730695284219166,0.7458079375584161,0,0,Normal Season
Kenya,District A,Female,Rural,2022,1,69.404746439382,0.7169258246189865,0,9,Normal Season
Kenya,District B,Male,Urban,2018,1,65.59955513303017,0.6873063073132356,0,9,Normal Season
Kenya,District B,Male,Urban,2019,1,71.30740577286092,0.9282449205941612,0,3,Normal Season
Kenya,District B,Male,Urban,2020,1,71.9905969557347,0.513255655270811,0,10,Normal Season
Kenya,District B,Male,Urban,2021,1,63.99783122841205,0.7877370889379395,0,11,Normal Season
Kenya,District B,Male,Urban,2022,1,91.33033374656269,0.9707324043882626,0,0,Normal Season
Kenya,District B,Male,Rural,2018,1,50.47912200477498,0.952675320978032,0,12,Normal Season
Kenya,District B,Male,Rural,2019,1,72.80991867735032,0.5355943242301144,0,9,Normal Season
Kenya,District B,Male,Rural,2020,1,63.77300480179406,0.511635967867913,1,8,Normal Season
Kenya,District B,Male,Rural,2021,1,73.57015485965047,0.8144714233899419,1,3,Normal Season
Kenya,District B,Male,Rural,2022,1,63.070904047393455,0.9017404651924243,0,9,Normal Season
Kenya,District B,Female,Urban,2018,1,77.47293605123262,0.9952525710003366,0,1,Normal Season
Kenya,District B,Female,Urban,2019,1,76.10370265433465,0.8882064803709984,0,4,Normal Season
Kenya,District B,Female,Urban,2020,1,85.52859775839326,0.8772714370423411,0,0,Normal Season
Kenya,District B,Female,Urban,2021,1,65.60482124525723,0.7526261862239285,1,5,Normal Season
Kenya,District B,Female,Urban,2022,1,67.60775202130245,0.5054188257401492,1,11,Normal Season
Kenya,District B,Female,Rural,2018,1,78.53974711067856,0.6596568187952074,1,3,Normal Season
Kenya,District B,Female,Rural,2019,1,61.46740057962023,0.5458520736292405,0,3,Normal Season
Kenya,District B,Female,Rural,2020,1,69.85719452294906,0.6063639475121145,1,8,Normal Season
Kenya,District B,Female,Rural,2021,1,69.87753227153085,0.5287793800083221,0,4,Normal Season
Kenya,District B,Female,Rural,2022,1,61.02745628514168,0.94385209137915,0,1,Normal Season
Kenya,District C,Male,Urban,2018,1,74.12931454275625,0.8091090316581305,0,6,Normal Season
Kenya,District C,Male,Urban,2019,1,64.36275447196026,0.85048456572956,0,1,Normal Season
Kenya,District C,Male,Urban,2020,1,65.28961694381677,0.542418857042596,1,12,Normal Season
Kenya,District C,Male,Urban,2021,1,72.32049937357637,0.9401799843192084,0,6,Normal Season
Kenya,District C,Male,Urban,2022,1,52.56714752788241,0.8540905977915999,0,11,Normal Season
Kenya,District C,Male,Rural,2018,1,80.6947795204087,0.8525421821483299,0,2,Normal Season
Kenya,District C,Male,Rural,2019,1,54.13536381573665,0.7026010433907086,0,3,Normal Season
Kenya,District C,Male,Rural,2020,1,65.77822825049003,0.8835974265542859,1,6,Normal Season
Kenya,District C,Male,Rural,2021,1,58.95778211452867,0.7001114464360124,0,8,Normal Season
Kenya,District C,Male,Rural,2022,1,77.61571841297597,0.7641850606486046,0,9,Normal Season
Kenya,District C,Female,Urban,2018,1,70.45607839925594,0.6613431941387918,0,4,Normal Season
Kenya,District C,Female,Urban,2019,1,73.8917957614454,0.9595578576393298,0,2,Normal Season
Kenya,District C,Female,Urban,2020,1,62.981865574724,0.9979156875146852,0,2,Normal Season
Kenya,District C,Female,Urban,2021,1,60.328889453990335,0.8685503529215096,1,9,Normal Season
Kenya,District C,Female,Urban,2022,1,68.5671674128292,0.5533780329679422,0,9,Normal Season
Kenya,District C,Female,Rural,2018,1,63.99395318750415,0.8234241808343619,0,11,Normal Season
Kenya,District C,Female,Rural,2019,1,62.01764781968467,0.6299749314271313,0,0,Normal Season
Kenya,District C,Female,Rural,2020,1,56.621551761916216,0.6547638081431639,1,11,Normal Season
Kenya,District C,Female,Rural,2021,1,77.41963016529465,0.7091215181453094,1,1,Normal Season
Kenya,District C,Female,Rural,2022,1,84.76658625429629,0.5226093350530947,0,0,Normal Season
Nigeria,District A,Male,Urban,2018,1,72.95477524423184,0.6904454283155108,1,10,Normal Season
Nigeria,District A,Male,Urban,2019,1,59.02654131433341,0.9191643523555688,0,2,Normal Season
Nigeria,District A,Male,Urban,2020,1,68.91371335911144,0.9323611881275268,1,4,Normal Season
Nigeria,District A,Male,Urban,2021,1,69.44515041702326,0.9565828761288214,0,4,Normal Season
Nigeria,District A,Male,Urban,2022,1,63.55724819832052,0.6205424161648159,0,0,Normal Season
Nigeria,District A,Male,Rural,2018,1,83.55970385308191,0.6373658985129544,0,0,Normal Season
Nigeria,District A,Male,Rural,2019,1,35.21830786363444,0.9156857450312506,0,0,Normal Season
Nigeria,District A,Male,Rural,2020,1,67.31736938050487,0.9839868827199116,0,10,Normal Season
Nigeria,District A,Male,Rural,2021,1,64.36741388539637,0.7102678893325376,0,1,Normal Season
Nigeria,District A,Male,Rural,2022,1,95.39257791210892,0.6064820807544553,0,11,Normal Season
Nigeria,District A,Female,Urban,2018,1,80.58424486849587,0.6961220225498661,0,1,Normal Season
Nigeria,District A,Female,Urban,2019,1,52.41260513576886,0.7737231534495558,0,11,Normal Season
Nigeria,District A,Female,Urban,2020,1,79.81547376730082,0.9747603118288212,0,7,Normal Season
Nigeria,District A,Female,Urban,2021,1,73.30700557063932,0.7460581465397691,0,7,Normal Season
Nigeria,District A,Female,Urban,2022,1,69.93800860326128,0.664375805143754,0,10,Normal Season
Nigeria,District A,Female,Rural,2018,1,74.03119327085577,0.7686317083570351,0,10,Normal Season
Nigeria,District A,Female,Rural,2019,1,60.91945956429562,0.8482507331135395,0,2,Normal Season
Nigeria,District A,Female,Rural,2020,1,75.61033067471061,0.8337788692605136,0,9,Normal Season
Nigeria,District A,Female,Rural,2021,1,61.84500926711512,0.5443512668785278,0,8,Normal Season
Nigeria,District A,Female,Rural,2022,1,64.40974506766143,0.6031668592028963,0,9,Normal Season
Nigeria,District B,Male,Urban,2018,1,63.747618164464434,0.7405726970281465,0,7,Normal Season
Nigeria,District B,Male,Urban,2019,1,67.26390256496032,0.5784888413580969,0,0,Normal Season
Nigeria,District B,Male,Urban,2020,1,71.78128425761065,0.7682953229936662,1,9,Normal Season
Nigeria,District B,Male,Urban,2021,1,70.35635459850455,0.6844568197848862,0,12,Normal Season
Nigeria,District B,Male,Urban,2022,1,75.76556963055766,0.755838721057833,0,12,Normal Season
Nigeria,District B,Male,Rural,2018,1,73.11250154543536,0.7237061834117273,0,8,Normal Season
Nigeria,District B,Male,Rural,2019,1,68.1309487743959,0.6610395827915891,0,9,Normal Season
Nigeria,District B,Male,Rural,2020,1,69.52209122626462,0.5598810659096256,1,3,Normal Season
Nigeria,District B,Male,Rural,2021,1,80.55330996546415,0.7492210994645286,0,5,Normal Season
Nigeria,District B,Male,Rural,2022,1,76.53634261335324,0.7788711329752187,0,11,Normal Season
Nigeria,District B,Female,Urban,2018,1,54.76923761119647,0.949823698572506,0,10,Normal Season
Nigeria,District B,Female,Urban,2019,1,58.64134502492753,0.74912384892447,0,8,Normal Season
Nigeria,District B,Female,Urban,2020,1,67.93761041044134,0.9254087589180732,0,7,Normal Season
Nigeria,District B,Female,Urban,2021,1,47.22049582189442,0.9211570176490907,0,7,Normal Season
Nigeria,District B,Female,Urban,2022,1,73.90253268983142,0.93275356294699,1,0,Normal Season
Nigeria,District B,Female,Rural,2018,1,69.15091167504168,0.585443793695033,0,8,Normal Season
Nigeria,District B,Female,Rural,2019,1,90.43320489682306,0.6399895468301421,0,5,Normal Season
Nigeria,District B,Female,Rural,2020,1,86.19612155437311,0.6618396182021218,0,0,Normal Season
Nigeria,District B,Female,Rural,2021,1,65.41380723057001,0.8053100212208163,0,4,Normal Season
Nigeria,District B,Female,Rural,2022,1,66.93283600678183,0.5771813576371012,0,10,Normal Season
Nigeria,District C,Male,Urban,2018,1,68.51448594992951,0.5672073384694871,0,11,Normal Season
Nigeria,District C,Male,Urban,2019,1,65.92539862364735,0.6611769224873615,1,0,Normal Season
Nigeria,District C,Male,Urban,2020,1,81.06329104828443,0.7978193703039221,0,6,Normal Season
Nigeria,District C,Male,Urban,2021,1,77.71638149301336,0.6744341332714976,1,11,Normal Season
Nigeria,District C,Male,Urban,2022,1,76.83961637474451,0.9954647382286952,0,2,Normal Season
Nigeria,District C,Male,Rural,2018,1,68.55475914646095,0.9632247117948556,0,11,Normal Season
Nigeria,District C,Male,Rural,2019,1,75.7930343687222,0.8752509623826568,0,2,Normal Season
Nigeria,District C,Male,Rural,2020,1,74.97291777830775,0.593202493394072,0,9,Normal Season
Nigeria,District C,Male,Rural,2021,1,78.71124703431693,0.6962225537113177,1,6,Normal Season
Nigeria,District C,Male,Rural,2022,1,66.73976467832159,0.6884722147124538,0,5,Normal Season
Nigeria,District C,Female,Urban,2018,1,70.18418379189552,0.6161063475734087,1,6,Normal Season
Nigeria,District C,Female,Urban,2019,1,86.76437312275283,0.7717764305569943,1,2,Normal Season
Nigeria,District C,Female,Urban,2020,1,55.214137542201584,0.5696360363316937,0,12,Normal Season
Nigeria,District C,Female,Urban,2021,1,81.43754043206928,0.7667305459881608,1,3,Normal Season
Nigeria,District C,Female,Urban,2022,1,65.40639100459757,0.6242445699072329,0,3,Normal Season
Nigeria,District C,Female,Rural,2018,1,61.50155630535208,0.8570320411118071,0,9,Normal Season
Nigeria,District C,Female,Rural,2019,1,70.87035228146672,0.6894107827784579,0,3,Normal Season
Nigeria,District C,Female,Rural,2020,1,60.52658620057876,0.7511441737312651,0,12,Normal Season
Nigeria,District C,Female,Rural,2021,1,84.14251262612413,0.5061015361590222,0,3,Normal Season
Nigeria,District C,Female,Rural,2022,1,65.26411219022891,0.8580895373664761,0,3,Normal Season
