Country,Year,District,Gender,Residence,U5_Mortality_Rate,Healthcare_Access_Index,Disease_Prevalence_Index,Mortality_Change_Rate
Uganda,2018,North,Male,Urban,63.7,78.0,37.0,0.0
Uganda,2018,North,Male,Rural,83.9,46.2,19.7,31.71114599686029
Uganda,2018,North,Female,Urban,35.2,74.6,33.0,-58.04529201430274
Uganda,2018,North,Female,Rural,93.7,40.8,44.1,166.19318181818178
Uganda,2018,Central,Male,Urban,104.9,48.5,20.5,0.0
Uganda,2018,Central,Male,Rural,46.5,52.2,30.7,-55.67206863679694
Uganda,2018,Central,Female,Urban,68.9,51.6,33.4,48.17204301075271
Uganda,2018,Central,Female,Rural,42.6,51.7,26.0,-38.17126269956459
Uganda,2018,West,Male,Urban,71.0,71.4,21.0,0.0
Uganda,2018,West,Male,Rural,76.3,63.7,16.4,7.464788732394356
Uganda,2018,West,Female,Urban,84.7,46.8,17.0,11.009174311926607
Uganda,2018,West,Female,Rural,115.4,78.6,39.3,36.24557260920898
Uganda,2018,East,Male,Urban,57.4,43.9,35.5,0.0
Uganda,2018,East,Male,Rural,69.6,44.9,29.9,21.254355400696866
Uganda,2018,East,Female,Urban,33.1,76.4,22.8,-52.44252873563218
Uganda,2018,East,Female,Rural,89.6,52.5,30.6,170.69486404833833
Uganda,2019,North,Male,Urban,79.2,47.4,44.1,-15.474919957310561
Uganda,2019,North,Male,Rural,99.8,77.6,41.8,26.010101010100996
Uganda,2019,North,Female,Urban,83.8,76.9,17.7,-16.03206412825652
Uganda,2019,North,Female,Rural,47.6,41.8,24.8,-43.198090692124104
Uganda,2019,Central,Male,Urban,65.0,50.9,39.9,52.58215962441315
Uganda,2019,Central,Male,Rural,62.1,51.2,31.3,-4.461538461538462
Uganda,2019,Central,Female,Urban,42.7,72.1,17.2,-31.239935587761668
Uganda,2019,Central,Female,Rural,118.8,70.9,21.0,178.22014051522243
Uganda,2019,West,Male,Urban,30.5,72.6,36.2,-73.57019064124783
Uganda,2019,West,Male,Rural,95.6,70.9,17.2,213.44262295081964
Uganda,2019,West,Female,Urban,62.3,44.6,40.9,-34.83263598326359
Uganda,2019,West,Female,Rural,86.1,53.2,16.9,38.20224719101124
Uganda,2019,East,Male,Urban,58.0,53.0,36.9,-35.26785714285714
Uganda,2019,East,Male,Rural,87.4,75.5,29.2,50.689655172413794
Uganda,2019,East,Female,Urban,40.8,68.5,37.8,-53.318077803203664
Uganda,2019,East,Female,Rural,80.5,70.8,29.8,97.30392156862746
Uganda,2020,North,Male,Urban,77.0,57.1,15.8,61.76470588235294
Uganda,2020,North,Male,Rural,39.7,41.3,34.1,-48.44155844155844
Uganda,2020,North,Female,Urban,58.3,60.3,42.2,46.85138539042819
Uganda,2020,North,Female,Rural,52.4,56.4,37.7,-10.120068610634647
Uganda,2020,Central,Male,Urban,50.6,43.1,23.7,-57.407407407407405
Uganda,2020,Central,Male,Rural,44.5,77.2,39.2,-12.055335968379444
Uganda,2020,Central,Female,Urban,87.0,74.9,39.1,95.50561797752808
Uganda,2020,Central,Female,Rural,46.8,75.7,31.2,-46.20689655172414
Uganda,2020,West,Male,Urban,102.7,75.8,24.5,19.27990708478515
Uganda,2020,West,Male,Rural,39.9,49.1,27.8,-61.14897760467382
Uganda,2020,West,Female,Urban,103.6,74.4,15.2,159.64912280701756
Uganda,2020,West,Female,Rural,76.0,56.7,21.7,-26.640926640926633
Uganda,2020,East,Male,Urban,40.8,53.5,43.3,-49.31677018633541
Uganda,2020,East,Male,Rural,59.1,60.8,36.1,44.85294117647061
Uganda,2020,East,Female,Urban,62.7,78.9,43.9,6.091370558375631
Uganda,2020,East,Female,Rural,52.7,59.9,24.0,-15.948963317384369
Uganda,2021,North,Male,Urban,55.6,41.5,33.3,6.106870229007644
Uganda,2021,North,Male,Rural,75.2,42.1,23.4,35.251798561151084
Uganda,2021,North,Female,Urban,111.7,49.6,19.3,48.53723404255319
Uganda,2021,North,Female,Rural,74.1,79.4,22.3,-33.66159355416294
Uganda,2021,Central,Male,Urban,90.5,70.5,22.1,93.37606837606837
Uganda,2021,Central,Male,Rural,95.5,54.7,34.0,5.524861878453047
Uganda,2021,Central,Female,Urban,87.0,61.4,17.7,-8.900523560209429
Uganda,2021,Central,Female,Rural,105.2,52.8,20.6,20.91954022988507
Uganda,2021,West,Male,Urban,33.7,63.6,35.3,-55.65789473684211
Uganda,2021,West,Male,Rural,31.5,60.5,21.8,-6.528189910979232
Uganda,2021,West,Female,Urban,88.1,47.0,35.7,179.68253968253967
Uganda,2021,West,Female,Rural,64.8,77.5,19.1,-26.4472190692395
Uganda,2021,East,Male,Urban,60.7,44.5,42.7,15.180265654648961
Uganda,2021,East,Male,Rural,109.0,50.3,34.8,79.57166392092256
Uganda,2021,East,Female,Urban,103.5,62.2,30.9,-5.045871559633031
Uganda,2021,East,Female,Rural,51.8,43.7,41.9,-49.951690821256044
Uganda,2022,North,Male,Urban,111.0,65.3,25.2,49.79757085020245
Uganda,2022,North,Male,Rural,61.4,69.0,41.9,-44.68468468468468
Uganda,2022,North,Female,Urban,109.8,71.2,34.3,78.82736156351791
Uganda,2022,North,Female,Rural,37.6,46.5,42.0,-65.7559198542805
Uganda,2022,Central,Male,Urban,84.6,40.4,18.0,-19.581749049429664
Uganda,2022,Central,Male,Rural,89.7,40.2,19.8,6.028368794326244
Uganda,2022,Central,Female,Urban,79.4,67.7,34.6,-11.482720178372352
Uganda,2022,Central,Female,Rural,50.2,68.5,22.1,-36.77581863979849
Uganda,2022,West,Male,Urban,59.3,69.9,34.5,-8.487654320987659
Uganda,2022,West,Male,Rural,106.4,66.3,32.0,79.42664418212482
Uganda,2022,West,Female,Urban,38.4,54.7,23.0,-63.90977443609023
Uganda,2022,West,Female,Rural,52.0,78.9,26.8,35.41666666666667
Uganda,2022,East,Male,Urban,110.3,65.2,38.8,112.93436293436292
Uganda,2022,East,Male,Rural,75.2,63.1,29.8,-31.822302810516767
Uganda,2022,East,Female,Urban,47.6,68.9,23.4,-36.702127659574465
Uganda,2022,East,Female,Rural,32.2,65.8,20.3,-32.35294117647059
Kenya,2018,North,Male,Urban,114.6,78.2,42.4,0.0
Kenya,2018,North,Male,Rural,63.3,40.6,42.8,-44.764397905759154
Kenya,2018,North,Female,Urban,68.5,78.7,43.9,8.21484992101107
Kenya,2018,North,Female,Rural,106.8,51.8,26.6,55.91240875912409
Kenya,2018,Central,Male,Urban,106.6,52.7,20.1,0.0
Kenya,2018,Central,Male,Rural,80.1,77.4,35.9,-24.85928705440901
Kenya,2018,Central,Female,Urban,81.3,43.9,33.5,1.4981273408239737
Kenya,2018,Central,Female,Rural,119.1,45.6,30.5,46.49446494464944
Kenya,2018,West,Male,Urban,109.0,69.6,35.9,0.0
Kenya,2018,West,Male,Rural,93.2,54.4,23.8,-14.495412844036693
Kenya,2018,West,Female,Urban,102.8,72.4,41.0,10.300429184549342
Kenya,2018,West,Female,Rural,112.2,60.5,30.0,9.143968871595343
Kenya,2018,East,Male,Urban,101.8,66.0,36.1,0.0
Kenya,2018,East,Male,Rural,101.6,75.6,25.1,-0.19646365422396617
Kenya,2018,East,Female,Urban,63.8,43.8,32.3,-37.20472440944882
Kenya,2018,East,Female,Rural,33.2,58.6,31.3,-47.96238244514106
Kenya,2019,North,Male,Urban,55.8,63.6,15.9,-47.75280898876405
Kenya,2019,North,Male,Rural,33.4,72.9,25.8,-40.14336917562724
Kenya,2019,North,Female,Urban,41.4,60.9,38.1,23.952095808383245
Kenya,2019,North,Female,Rural,49.4,64.9,17.6,19.323671497584538
Kenya,2019,Central,Male,Urban,34.7,61.3,31.2,-70.86481947942904
Kenya,2019,Central,Male,Rural,87.4,69.0,44.3,151.87319884726222
Kenya,2019,Central,Female,Urban,76.5,52.9,38.9,-12.471395881006874
Kenya,2019,Central,Female,Rural,54.4,57.6,17.4,-28.888888888888886
Kenya,2019,West,Male,Urban,32.3,78.5,40.1,-71.21212121212122
Kenya,2019,West,Male,Rural,92.6,56.4,20.2,186.68730650154802
Kenya,2019,West,Female,Urban,44.1,50.0,31.5,-52.37580993520518
Kenya,2019,West,Female,Rural,94.3,66.4,23.4,113.83219954648527
Kenya,2019,East,Male,Urban,115.9,69.5,31.6,249.09638554216866
Kenya,2019,East,Male,Rural,85.1,56.8,22.4,-26.574633304572913
Kenya,2019,East,Female,Urban,62.0,70.3,15.4,-27.144535840188013
Kenya,2019,East,Female,Rural,40.4,41.8,16.2,-34.83870967741935
Kenya,2020,North,Male,Urban,107.0,68.1,29.2,116.5991902834008
Kenya,2020,North,Male,Rural,38.8,59.7,29.2,-63.738317757009355
Kenya,2020,North,Female,Urban,45.6,57.4,27.0,17.525773195876294
Kenya,2020,North,Female,Rural,85.4,65.4,16.4,87.28070175438599
Kenya,2020,Central,Male,Urban,63.7,65.0,30.1,17.095588235294134
Kenya,2020,Central,Male,Rural,107.1,66.3,19.9,68.13186813186812
Kenya,2020,Central,Female,Urban,36.4,65.7,15.8,-66.01307189542483
Kenya,2020,Central,Female,Rural,82.7,77.6,32.3,127.19780219780223
Kenya,2020,West,Male,Urban,64.9,65.7,28.7,-31.177094379639435
Kenya,2020,West,Male,Rural,79.1,77.7,26.6,21.879815100154065
Kenya,2020,West,Female,Urban,116.5,76.2,20.9,47.28192161820481
Kenya,2020,West,Female,Rural,36.2,44.0,15.5,-68.92703862660944
Kenya,2020,East,Male,Urban,38.5,67.3,17.1,-4.702970297029696
Kenya,2020,East,Male,Rural,58.7,73.8,15.7,52.467532467532486
Kenya,2020,East,Female,Urban,103.3,51.3,18.5,75.97955706984666
Kenya,2020,East,Female,Rural,92.7,65.2,41.3,-10.26137463697967
Kenya,2021,North,Male,Urban,96.2,72.1,23.5,12.646370023419195
Kenya,2021,North,Male,Rural,46.0,70.0,39.2,-52.18295218295219
Kenya,2021,North,Female,Urban,119.1,56.5,26.2,158.91304347826085
Kenya,2021,North,Female,Rural,99.9,53.6,42.9,-16.12090680100755
Kenya,2021,Central,Male,Urban,107.3,57.2,37.5,29.74607013301087
Kenya,2021,Central,Male,Rural,97.9,44.1,42.1,-8.760484622553577
Kenya,2021,Central,Female,Urban,75.5,73.1,24.6,-22.880490296220636
Kenya,2021,Central,Female,Rural,110.6,55.6,15.3,46.49006622516556
Kenya,2021,West,Male,Urban,111.5,43.7,24.6,208.01104972375688
Kenya,2021,West,Male,Rural,115.5,78.0,32.2,3.587443946188351
Kenya,2021,West,Female,Urban,86.9,57.9,23.8,-24.761904761904752
Kenya,2021,West,Female,Rural,59.6,66.9,37.6,-31.41542002301496
Kenya,2021,East,Male,Urban,101.2,71.6,17.7,9.169363538295583
Kenya,2021,East,Male,Rural,74.5,42.3,31.5,-26.383399209486168
Kenya,2021,East,Female,Urban,69.7,75.5,25.5,-6.442953020134223
Kenya,2021,East,Female,Rural,40.5,45.7,37.8,-41.89383070301291
Kenya,2022,North,Male,Urban,85.6,44.0,17.5,-14.314314314314325
Kenya,2022,North,Male,Rural,93.1,42.9,39.7,8.761682242990654
Kenya,2022,North,Female,Urban,93.6,43.3,17.5,0.5370569280343629
Kenya,2022,North,Female,Rural,118.8,55.0,26.1,26.923076923076938
Kenya,2022,Central,Male,Urban,103.2,77.9,44.6,-6.690777576853524
Kenya,2022,Central,Male,Rural,97.8,55.1,17.5,-5.232558139534893
Kenya,2022,Central,Female,Urban,99.9,62.3,27.7,2.147239263803691
Kenya,2022,Central,Female,Rural,111.6,44.4,29.8,11.711711711711704
Kenya,2022,West,Male,Urban,31.0,58.7,16.7,-47.986577181208055
Kenya,2022,West,Male,Rural,40.7,44.7,34.5,31.290322580645167
Kenya,2022,West,Female,Urban,97.1,63.3,43.9,138.57493857493856
Kenya,2022,West,Female,Rural,63.7,51.4,41.1,-34.39752832131823
Kenya,2022,East,Male,Urban,50.1,78.5,15.4,23.703703703703717
Kenya,2022,East,Male,Rural,117.3,41.7,41.7,134.1317365269461
Kenya,2022,East,Female,Urban,77.5,79.7,17.2,-33.93009377664109
Kenya,2022,East,Female,Rural,79.8,78.8,30.7,2.9677419354838586
Nigeria,2018,North,Male,Urban,86.6,67.8,28.6,0.0
Nigeria,2018,North,Male,Rural,86.5,63.4,42.0,-0.11547344110853786
Nigeria,2018,North,Female,Urban,34.1,51.2,43.5,-60.57803468208092
Nigeria,2018,North,Female,Rural,110.1,58.2,33.6,222.8739002932551
Nigeria,2018,Central,Male,Urban,55.0,47.5,28.9,0.0
Nigeria,2018,Central,Male,Rural,61.8,63.3,17.3,12.363636363636354
Nigeria,2018,Central,Female,Urban,117.7,79.4,35.9,90.45307443365698
Nigeria,2018,Central,Female,Rural,78.2,52.4,39.4,-33.55989804587936
Nigeria,2018,West,Male,Urban,91.6,46.5,42.3,0.0
Nigeria,2018,West,Male,Rural,104.0,78.0,36.8,13.53711790393013
Nigeria,2018,West,Female,Urban,85.2,56.7,43.0,-18.07692307692308
Nigeria,2018,West,Female,Rural,107.9,41.8,15.8,26.643192488262923
Nigeria,2018,East,Male,Urban,63.9,72.4,44.6,0.0
Nigeria,2018,East,Male,Rural,43.5,63.8,26.4,-31.924882629107977
Nigeria,2018,East,Female,Urban,117.3,73.7,40.1,169.65517241379308
Nigeria,2018,East,Female,Rural,72.2,56.6,23.2,-38.44842284739982
Nigeria,2019,North,Male,Urban,35.1,74.6,39.4,-68.11989100817438
Nigeria,2019,North,Male,Rural,120.0,79.9,31.7,241.88034188034186
Nigeria,2019,North,Female,Urban,99.2,77.8,40.5,-17.333333333333336
Nigeria,2019,North,Female,Rural,52.3,58.0,18.9,-47.278225806451616
Nigeria,2019,Central,Male,Urban,115.9,64.2,21.9,48.209718670076725
Nigeria,2019,Central,Male,Rural,90.5,64.7,25.7,-21.91544434857636
Nigeria,2019,Central,Female,Urban,40.2,66.9,30.6,-55.58011049723757
Nigeria,2019,Central,Female,Rural,99.5,60.8,40.6,147.51243781094527
Nigeria,2019,West,Male,Urban,79.7,62.4,41.3,-26.135310472659867
Nigeria,2019,West,Male,Rural,66.3,45.4,15.9,-16.813048933500628
Nigeria,2019,West,Female,Urban,98.0,64.8,36.1,47.812971342383115
Nigeria,2019,West,Female,Rural,49.2,45.5,15.4,-49.795918367346935
Nigeria,2019,East,Male,Urban,61.6,63.6,26.8,-14.681440443213301
Nigeria,2019,East,Male,Rural,69.4,76.2,25.4,12.662337662337663
Nigeria,2019,East,Female,Urban,76.3,71.3,26.9,9.942363112391917
Nigeria,2019,East,Female,Rural,86.0,74.5,43.5,12.712975098296209
Nigeria,2020,North,Male,Urban,43.2,77.1,29.8,-17.39961759082217
Nigeria,2020,North,Male,Rural,53.2,58.4,44.4,23.148148148148138
Nigeria,2020,North,Female,Urban,74.3,53.2,34.0,39.66165413533833
Nigeria,2020,North,Female,Rural,51.6,43.0,18.9,-30.551816958277243
Nigeria,2020,Central,Male,Urban,41.5,46.1,19.2,-58.29145728643217
Nigeria,2020,Central,Male,Rural,87.7,47.3,25.4,111.3253012048193
Nigeria,2020,Central,Female,Urban,110.7,59.0,35.0,26.22576966932726
Nigeria,2020,Central,Female,Rural,45.5,47.7,16.2,-58.89792231255646
Nigeria,2020,West,Male,Urban,45.2,51.1,20.3,-8.130081300813007
Nigeria,2020,West,Male,Rural,38.0,44.8,28.8,-15.92920353982301
Nigeria,2020,West,Female,Urban,48.6,54.6,30.1,27.89473684210526
Nigeria,2020,West,Female,Rural,92.1,41.6,39.0,89.50617283950615
Nigeria,2020,East,Male,Urban,86.5,43.3,41.2,0.5813953488372103
Nigeria,2020,East,Male,Rural,112.9,42.4,23.3,30.52023121387284
Nigeria,2020,East,Female,Urban,102.6,69.9,20.5,-9.12311780336582
Nigeria,2020,East,Female,Rural,48.8,54.8,29.5,-52.436647173489284
Nigeria,2021,North,Male,Urban,85.6,54.8,28.9,65.89147286821704
Nigeria,2021,North,Male,Rural,97.3,41.5,22.6,13.668224299065423
Nigeria,2021,North,Female,Urban,94.2,75.8,30.4,-3.1860226104830414
Nigeria,2021,North,Female,Rural,77.9,44.3,28.4,-17.303609341825897
Nigeria,2021,Central,Male,Urban,77.9,49.7,23.1,71.20879120879123
Nigeria,2021,Central,Male,Rural,64.0,40.8,24.7,-17.8433889602054
Nigeria,2021,Central,Female,Urban,49.0,53.1,18.6,-23.4375
Nigeria,2021,Central,Female,Rural,110.1,63.7,35.4,124.69387755102042
Nigeria,2021,West,Male,Urban,101.0,59.9,17.6,9.663409337676443
Nigeria,2021,West,Male,Rural,78.3,63.5,37.4,-22.475247524752472
Nigeria,2021,West,Female,Urban,68.8,45.1,23.5,-12.132822477650063
Nigeria,2021,West,Female,Rural,62.7,65.8,32.1,-8.866279069767435
Nigeria,2021,East,Male,Urban,62.0,79.5,33.2,27.04918032786885
Nigeria,2021,East,Male,Rural,51.4,44.1,19.6,-17.09677419354839
Nigeria,2021,East,Female,Urban,52.1,46.4,20.6,1.3618677042801508
Nigeria,2021,East,Female,Rural,55.7,46.9,41.9,6.909788867562372
Nigeria,2022,North,Male,Urban,37.2,61.0,27.3,-52.24646983311938
Nigeria,2022,North,Male,Rural,118.4,44.5,26.9,218.2795698924731
Nigeria,2022,North,Female,Urban,117.3,74.6,39.5,-0.929054054054057
Nigeria,2022,North,Female,Rural,53.2,46.8,35.1,-54.64620630861039
Nigeria,2022,Central,Male,Urban,113.6,62.3,32.1,3.1789282470481295
Nigeria,2022,Central,Male,Rural,55.2,70.8,20.6,-51.40845070422535
Nigeria,2022,Central,Female,Urban,59.1,57.0,30.2,7.065217391304346
Nigeria,2022,Central,Female,Rural,51.8,44.6,33.3,-12.351945854483937
Nigeria,2022,West,Male,Urban,56.0,63.2,19.6,-10.685805422647531
Nigeria,2022,West,Male,Rural,73.3,61.3,16.6,30.892857142857146
Nigeria,2022,West,Female,Urban,60.3,45.4,16.9,-17.735334242837652
Nigeria,2022,West,Female,Rural,119.1,52.9,39.3,97.51243781094527
Nigeria,2022,East,Male,Urban,52.9,67.3,37.8,-5.02692998204669
Nigeria,2022,East,Male,Rural,83.6,58.9,27.4,58.034026465028354
Nigeria,2022,East,Female,Urban,61.4,77.2,39.9,-26.555023923444978
Nigeria,2022,East,Female,Rural,116.9,45.0,36.9,90.39087947882737
