{"type": "FeatureCollection", "features": [{"type": "Feature", "properties": {"District": "Kampala"}, "geometry": {"type": "Polygon", "coordinates": [[[32.5, 0.3], [32.6, 0.3], [32.6, 0.4], [32.5, 0.4], [32.5, 0.3]]]}}, {"type": "Feature", "properties": {"District": "Gulu"}, "geometry": {"type": "Polygon", "coordinates": [[[32.5, 0.3], [32.6, 0.3], [32.6, 0.4], [32.5, 0.4], [32.5, 0.3]]]}}, {"type": "Feature", "properties": {"District": "Mbarara"}, "geometry": {"type": "Polygon", "coordinates": [[[32.5, 0.3], [32.6, 0.3], [32.6, 0.4], [32.5, 0.4], [32.5, 0.3]]]}}, {"type": "Feature", "properties": {"District": "Mbale"}, "geometry": {"type": "Polygon", "coordinates": [[[32.5, 0.3], [32.6, 0.3], [32.6, 0.4], [32.5, 0.4], [32.5, 0.3]]]}}, {"type": "Feature", "properties": {"District": "Arua"}, "geometry": {"type": "Polygon", "coordinates": [[[32.5, 0.3], [32.6, 0.3], [32.6, 0.4], [32.5, 0.4], [32.5, 0.3]]]}}, {"type": "Feature", "properties": {"District": "Jinja"}, "geometry": {"type": "Polygon", "coordinates": [[[32.5, 0.3], [32.6, 0.3], [32.6, 0.4], [32.5, 0.4], [32.5, 0.3]]]}}]}