Country,Year,Gender,Location,Dropout_Rate,Completion_Rate,Literacy_Rate,GDP_per_Capita
Uganda,2010,Male,Rural,29.97,69.34,74.72,2113.82
Uganda,2010,Male,Urban,22.66,76.17,88.69,1660.46
Uganda,2010,Female,Rural,20.31,82.41,58.05,920.56
Uganda,2010,Female,Urban,27.42,63.01,39.13,862.63
Uganda,2011,Male,Rural,14.87,86.7,51.38,352.62
Uganda,2011,Male,Urban,39.66,59.21,66.01,345.15
Uganda,2011,Female,Rural,19.56,81.0,47.74,1425.42
Uganda,2011,Female,Urban,18.99,79.55,55.97,2311.37
Uganda,2012,Male,Rural,24.87,69.85,77.34,467.49
Uganda,2012,Male,Urban,27.09,63.11,45.08,1318.12
Uganda,2012,Female,Rural,32.38,68.47,63.27,1019.34
Uganda,2012,Female,Urban,10.21,86.19,58.09,1834.27
Uganda,2013,Male,Rural,28.44,62.75,69.86,968.95
Uganda,2013,Male,Urban,18.23,84.83,80.46,1758.77
Uganda,2013,Female,Rural,16.61,81.85,69.97,1785.33
Uganda,2013,Female,Urban,20.21,78.86,48.4,482.28
Uganda,2014,Male,Rural,33.13,73.66,63.92,1802.12
Uganda,2014,Male,Urban,28.62,68.16,70.42,2122.82
Uganda,2014,Female,Rural,24.64,83.18,25.7,1693.14
Uganda,2014,Female,Urban,25.87,72.63,66.38,300.0
Uganda,2015,Male,Rural,22.8,78.98,87.17,889.04
Uganda,2015,Male,Urban,16.92,80.58,78.73,1397.25
Uganda,2015,Female,Rural,19.7,82.86,66.46,1781.19
Uganda,2015,Female,Urban,17.98,80.38,59.12,321.89
Uganda,2016,Male,Rural,27.96,73.34,65.08,1059.25
Uganda,2016,Male,Urban,10.85,87.05,59.86,718.63
Uganda,2016,Female,Rural,23.39,78.63,93.29,1304.75
Uganda,2016,Female,Urban,27.58,72.05,36.22,1184.09
Uganda,2017,Male,Rural,25.6,86.71,62.11,1380.93
Uganda,2017,Male,Urban,24.65,69.5,82.14,1651.16
Uganda,2017,Female,Rural,32.91,62.54,86.04,358.89
Uganda,2017,Female,Urban,30.87,80.08,50.14,860.22
Uganda,2018,Male,Rural,26.0,71.49,41.74,1241.14
Uganda,2018,Male,Urban,14.38,87.99,51.21,2129.96
Uganda,2018,Female,Rural,17.17,81.22,77.2,461.48
Uganda,2018,Female,Urban,27.27,79.26,40.89,1310.78
Uganda,2019,Male,Rural,27.6,76.31,46.45,407.73
Uganda,2019,Male,Urban,30.22,71.27,68.76,1407.87
Uganda,2019,Female,Rural,18.2,82.96,69.4,771.39
Uganda,2019,Female,Urban,43.66,58.71,47.13,1593.93
Uganda,2020,Male,Rural,15.25,88.68,82.38,707.59
Uganda,2020,Male,Urban,34.63,67.43,77.33,2338.08
Uganda,2020,Female,Rural,22.55,73.69,51.66,710.51
Uganda,2020,Female,Urban,24.23,77.48,69.15,1696.31
Uganda,2021,Male,Rural,25.13,82.14,61.03,2832.1
Uganda,2021,Male,Urban,31.26,64.46,48.94,1489.48
Uganda,2021,Female,Rural,22.77,80.8,72.1,1156.3
Uganda,2021,Female,Urban,16.53,75.89,58.3,1713.84
Uganda,2022,Male,Rural,27.14,66.63,67.6,1431.19
Uganda,2022,Male,Urban,16.16,84.61,65.87,514.22
Uganda,2022,Female,Rural,28.58,74.23,81.25,1832.28
Uganda,2022,Female,Urban,11.22,84.09,72.73,1508.27
Uganda,2023,Male,Rural,30.15,89.11,73.56,1881.34
Uganda,2023,Male,Urban,34.54,68.72,60.27,1655.38
Uganda,2023,Female,Rural,17.27,81.54,57.72,1249.12
Uganda,2023,Female,Urban,48.15,42.52,75.29,300.0
Kenya,2010,Male,Rural,20.28,85.16,65.96,553.35
Kenya,2010,Male,Urban,17.85,85.55,54.04,1329.88
Kenya,2010,Female,Rural,25.46,71.29,95.0,1580.35
Kenya,2010,Female,Urban,5.0,95.93,55.07,1711.46
Kenya,2011,Male,Rural,17.07,82.35,72.57,1719.45
Kenya,2011,Male,Urban,13.0,85.33,57.88,808.0
Kenya,2011,Female,Rural,42.65,59.37,46.09,1750.72
Kenya,2011,Female,Urban,46.22,58.94,42.21,909.46
Kenya,2012,Male,Rural,37.67,58.79,71.66,1664.78
Kenya,2012,Male,Urban,15.73,83.97,20.0,585.37
Kenya,2012,Female,Rural,22.47,71.29,89.49,341.92
Kenya,2012,Female,Urban,20.6,80.05,86.62,338.48
Kenya,2013,Male,Rural,36.63,63.42,50.28,1477.26
Kenya,2013,Male,Urban,26.99,70.01,66.05,968.81
Kenya,2013,Female,Rural,26.14,77.18,88.79,457.31
Kenya,2013,Female,Urban,46.33,43.91,62.72,1552.99
Kenya,2014,Male,Rural,27.81,69.08,61.88,904.2
Kenya,2014,Male,Urban,19.11,85.14,70.36,784.25
Kenya,2014,Female,Rural,34.0,67.54,77.19,1577.78
Kenya,2014,Female,Urban,16.71,80.49,76.21,1566.22
Kenya,2015,Male,Rural,24.79,75.8,84.16,845.06
Kenya,2015,Male,Urban,30.47,68.52,61.73,1859.27
Kenya,2015,Female,Rural,33.25,70.81,84.58,1212.6
Kenya,2015,Female,Urban,31.82,66.63,69.86,1121.91
Kenya,2016,Male,Rural,25.97,77.01,52.73,2455.43
Kenya,2016,Male,Urban,14.94,78.99,82.37,1675.0
Kenya,2016,Female,Rural,31.24,71.9,64.82,661.65
Kenya,2016,Female,Urban,25.76,70.86,79.63,1111.77
Kenya,2017,Male,Rural,16.75,81.65,71.19,861.77
Kenya,2017,Male,Urban,16.78,84.44,68.67,895.83
Kenya,2017,Female,Rural,20.29,80.87,43.28,355.52
Kenya,2017,Female,Urban,17.82,81.12,69.66,2085.21
Kenya,2018,Male,Rural,33.58,65.62,64.71,598.48
Kenya,2018,Male,Urban,24.81,73.74,69.84,703.66
Kenya,2018,Female,Rural,30.19,77.47,63.37,1441.03
Kenya,2018,Female,Urban,31.9,66.09,68.36,1207.56
Kenya,2019,Male,Rural,25.98,70.16,65.37,1498.8
Kenya,2019,Male,Urban,39.51,65.28,95.0,739.59
Kenya,2019,Female,Rural,33.72,67.19,95.0,715.02
Kenya,2019,Female,Urban,16.6,80.4,33.14,884.55
Kenya,2020,Male,Rural,17.41,83.34,70.13,2325.7
Kenya,2020,Male,Urban,34.5,62.61,51.52,1495.15
Kenya,2020,Female,Rural,11.8,97.36,82.69,918.49
Kenya,2020,Female,Urban,7.87,98.9,63.28,1942.69
Kenya,2021,Male,Rural,9.06,87.95,65.08,1228.19
Kenya,2021,Male,Urban,20.5,82.61,48.99,1114.57
Kenya,2021,Female,Rural,26.2,76.37,75.67,525.21
Kenya,2021,Female,Urban,9.66,96.73,69.98,750.91
Kenya,2022,Male,Rural,40.51,60.07,82.69,1240.51
Kenya,2022,Male,Urban,45.61,63.17,61.27,1782.94
Kenya,2022,Female,Rural,31.45,75.39,50.53,1611.63
Kenya,2022,Female,Urban,35.58,55.62,47.25,300.0
Kenya,2023,Male,Rural,22.31,81.28,87.54,1244.46
Kenya,2023,Male,Urban,41.29,51.81,39.45,1166.67
Kenya,2023,Female,Rural,28.84,71.0,33.99,1146.53
Kenya,2023,Female,Urban,11.96,91.39,70.5,636.07
Tanzania,2010,Male,Rural,19.86,74.84,64.06,1773.09
Tanzania,2010,Male,Urban,15.14,87.38,57.05,724.28
Tanzania,2010,Female,Rural,23.93,70.89,56.7,481.27
Tanzania,2010,Female,Urban,44.65,55.53,54.5,1328.39
Tanzania,2011,Male,Rural,23.88,75.02,74.21,1654.5
Tanzania,2011,Male,Urban,19.69,77.43,60.87,300.0
Tanzania,2011,Female,Rural,9.85,96.99,89.67,1050.58
Tanzania,2011,Female,Urban,30.77,70.79,95.0,1871.74
Tanzania,2012,Male,Rural,23.72,71.5,40.9,1322.08
Tanzania,2012,Male,Urban,17.44,75.45,55.3,551.07
Tanzania,2012,Female,Rural,41.87,62.54,64.88,2087.97
Tanzania,2012,Female,Urban,25.77,69.92,87.85,1523.35
Tanzania,2013,Male,Rural,14.63,84.42,51.87,370.32
Tanzania,2013,Male,Urban,34.26,75.29,44.02,1537.78
Tanzania,2013,Female,Rural,18.49,79.07,56.11,681.61
Tanzania,2013,Female,Urban,25.49,70.36,69.06,1169.86
Tanzania,2014,Male,Rural,22.61,72.85,56.35,1653.23
Tanzania,2014,Male,Urban,30.01,65.1,66.49,1650.83
Tanzania,2014,Female,Rural,8.31,94.41,55.06,1542.36
Tanzania,2014,Female,Urban,17.37,73.61,40.59,1228.85
Tanzania,2015,Male,Rural,27.6,67.88,74.58,300.0
Tanzania,2015,Male,Urban,24.34,69.61,55.22,1228.44
Tanzania,2015,Female,Rural,16.4,81.68,80.09,853.86
Tanzania,2015,Female,Urban,33.36,60.99,72.95,2064.94
Tanzania,2016,Male,Rural,5.0,91.02,73.66,1078.17
Tanzania,2016,Male,Urban,28.71,68.27,66.3,1106.59
Tanzania,2016,Female,Rural,36.68,64.59,70.06,952.87
Tanzania,2016,Female,Urban,20.12,77.71,70.92,947.41
Tanzania,2017,Male,Rural,27.9,82.48,78.07,1004.39
Tanzania,2017,Male,Urban,37.01,60.95,34.43,595.15
Tanzania,2017,Female,Rural,6.29,91.95,65.28,2205.86
Tanzania,2017,Female,Urban,28.27,70.64,77.44,300.0
Tanzania,2018,Male,Rural,27.36,76.5,42.82,1886.25
Tanzania,2018,Male,Urban,28.38,69.54,74.49,2562.42
Tanzania,2018,Female,Rural,26.82,74.42,58.11,690.09
Tanzania,2018,Female,Urban,33.3,62.42,66.07,913.41
Tanzania,2019,Male,Rural,29.79,71.88,80.56,893.99
Tanzania,2019,Male,Urban,22.3,72.8,58.34,1426.38
Tanzania,2019,Female,Rural,32.57,62.82,78.04,2013.38
Tanzania,2019,Female,Urban,29.13,80.25,53.39,453.21
Tanzania,2020,Male,Rural,7.21,100.0,74.82,1166.65
Tanzania,2020,Male,Urban,27.8,66.57,95.0,1277.53
Tanzania,2020,Female,Rural,26.09,77.53,72.22,1334.33
Tanzania,2020,Female,Urban,17.1,85.26,93.23,2007.25
Tanzania,2021,Male,Rural,40.93,56.51,50.16,1124.53
Tanzania,2021,Male,Urban,25.56,79.91,39.61,2117.73
Tanzania,2021,Female,Rural,23.42,74.45,49.82,300.0
Tanzania,2021,Female,Urban,33.23,67.13,45.65,422.95
Tanzania,2022,Male,Rural,21.64,86.7,61.11,300.0
Tanzania,2022,Male,Urban,22.54,76.09,24.55,1167.42
Tanzania,2022,Female,Rural,22.69,80.79,92.73,1875.94
Tanzania,2022,Female,Urban,22.31,72.16,95.0,1235.53
Tanzania,2023,Male,Rural,25.14,74.74,67.97,1113.38
Tanzania,2023,Male,Urban,19.26,78.0,64.51,873.95
Tanzania,2023,Female,Rural,17.87,82.66,61.18,2102.4
Tanzania,2023,Female,Urban,5.0,100.0,83.69,300.0
Nigeria,2010,Male,Rural,21.57,76.57,43.89,733.31
Nigeria,2010,Male,Urban,13.89,94.87,79.04,1962.93
Nigeria,2010,Female,Rural,32.22,62.14,57.13,1493.62
Nigeria,2010,Female,Urban,12.78,90.79,61.4,975.11
Nigeria,2011,Male,Rural,32.11,70.11,59.59,1895.6
Nigeria,2011,Male,Urban,14.19,88.89,73.9,1014.27
Nigeria,2011,Female,Rural,28.26,65.48,78.86,1089.06
Nigeria,2011,Female,Urban,19.77,85.47,54.43,354.92
Nigeria,2012,Male,Rural,9.43,93.6,45.79,2252.88
Nigeria,2012,Male,Urban,5.0,100.0,68.17,1141.97
Nigeria,2012,Female,Rural,19.55,82.44,64.44,1861.98
Nigeria,2012,Female,Urban,26.14,74.61,59.55,1165.83
Nigeria,2013,Male,Rural,28.08,63.37,44.78,1645.96
Nigeria,2013,Male,Urban,26.71,72.37,65.28,1408.55
Nigeria,2013,Female,Rural,19.6,76.51,67.94,612.98
Nigeria,2013,Female,Urban,29.08,62.4,80.44,1483.56
Nigeria,2014,Male,Rural,27.56,77.35,89.98,1808.62
Nigeria,2014,Male,Urban,6.59,87.01,55.63,1215.65
Nigeria,2014,Female,Rural,30.18,66.19,67.8,746.77
Nigeria,2014,Female,Urban,18.88,74.08,51.15,388.99
Nigeria,2015,Male,Rural,15.24,90.03,50.76,2779.43
Nigeria,2015,Male,Urban,29.93,70.99,52.12,1620.19
Nigeria,2015,Female,Rural,19.24,81.37,95.0,1142.36
Nigeria,2015,Female,Urban,36.49,59.99,64.48,2262.48
Nigeria,2016,Male,Rural,18.73,90.33,75.62,862.52
Nigeria,2016,Male,Urban,31.32,73.54,74.33,300.0
Nigeria,2016,Female,Rural,17.73,81.03,63.88,1572.4
Nigeria,2016,Female,Urban,26.78,66.55,70.7,1566.35
Nigeria,2017,Male,Rural,30.6,74.81,77.51,1475.51
Nigeria,2017,Male,Urban,24.3,67.4,71.44,1324.61
Nigeria,2017,Female,Rural,27.72,65.9,48.78,1831.89
Nigeria,2017,Female,Urban,24.6,78.8,65.42,1217.85
Nigeria,2018,Male,Rural,34.38,63.04,66.44,922.63
Nigeria,2018,Male,Urban,20.66,77.8,68.33,912.75
Nigeria,2018,Female,Rural,37.56,57.97,62.2,936.16
Nigeria,2018,Female,Urban,39.47,61.51,80.48,308.66
Nigeria,2019,Male,Rural,27.67,76.78,66.23,1839.29
Nigeria,2019,Male,Urban,19.83,87.22,95.0,982.3
Nigeria,2019,Female,Rural,20.54,86.72,88.69,886.28
Nigeria,2019,Female,Urban,20.8,77.79,44.83,648.81
Nigeria,2020,Male,Rural,14.96,81.2,64.48,1340.53
Nigeria,2020,Male,Urban,40.51,54.5,79.76,1071.61
Nigeria,2020,Female,Rural,24.51,78.87,48.16,1429.45
Nigeria,2020,Female,Urban,26.66,75.8,69.34,2673.18
Nigeria,2021,Male,Rural,18.62,78.72,55.65,866.71
Nigeria,2021,Male,Urban,18.63,87.32,86.31,857.55
Nigeria,2021,Female,Rural,16.68,85.68,56.72,1579.76
Nigeria,2021,Female,Urban,27.03,65.39,88.21,2277.53
Nigeria,2022,Male,Rural,18.87,79.19,69.29,1400.67
Nigeria,2022,Male,Urban,31.59,78.47,62.35,721.02
Nigeria,2022,Female,Rural,11.21,85.14,64.5,2276.73
Nigeria,2022,Female,Urban,19.82,81.3,64.75,1913.04
Nigeria,2023,Male,Rural,50.27,47.08,57.66,1826.5
Nigeria,2023,Male,Urban,31.82,77.41,73.76,984.42
Nigeria,2023,Female,Rural,30.91,74.64,77.31,1504.36
Nigeria,2023,Female,Urban,35.67,70.18,85.73,1589.23
Ethiopia,2010,Male,Rural,23.33,77.4,83.1,709.84
Ethiopia,2010,Male,Urban,28.69,69.35,65.43,1967.07
Ethiopia,2010,Female,Rural,26.91,73.32,44.6,1647.75
Ethiopia,2010,Female,Urban,31.45,79.36,60.38,1331.49
Ethiopia,2011,Male,Rural,27.49,80.39,63.57,1367.41
Ethiopia,2011,Male,Urban,31.08,69.85,58.3,1316.45
Ethiopia,2011,Female,Rural,35.74,59.13,66.99,779.93
Ethiopia,2011,Female,Urban,36.95,55.43,56.62,1426.33
Ethiopia,2012,Male,Rural,40.66,59.02,56.67,2328.69
Ethiopia,2012,Male,Urban,10.52,78.49,71.6,898.77
Ethiopia,2012,Female,Rural,14.79,88.75,68.66,861.55
Ethiopia,2012,Female,Urban,12.2,92.17,74.75,1140.49
Ethiopia,2013,Male,Rural,43.47,51.18,42.12,784.86
Ethiopia,2013,Male,Urban,24.54,76.67,61.38,1411.23
Ethiopia,2013,Female,Rural,12.48,94.73,63.77,1870.38
Ethiopia,2013,Female,Urban,28.43,73.86,73.55,1468.63
Ethiopia,2014,Male,Rural,31.43,75.22,67.95,1625.4
Ethiopia,2014,Male,Urban,24.1,83.1,54.85,2280.56
Ethiopia,2014,Female,Rural,24.6,68.25,66.92,791.37
Ethiopia,2014,Female,Urban,33.41,63.33,58.31,300.0
Ethiopia,2015,Male,Rural,20.48,67.4,41.24,1656.25
Ethiopia,2015,Male,Urban,32.86,69.27,50.5,1171.37
Ethiopia,2015,Female,Rural,24.96,69.24,87.55,1726.42
Ethiopia,2015,Female,Urban,22.79,77.34,68.13,300.0
Ethiopia,2016,Male,Rural,22.53,74.06,49.98,1031.34
Ethiopia,2016,Male,Urban,42.98,60.23,56.43,1543.55
Ethiopia,2016,Female,Rural,38.99,65.63,65.89,811.84
Ethiopia,2016,Female,Urban,31.98,69.99,78.43,1581.1
Ethiopia,2017,Male,Rural,35.5,61.83,84.76,1318.56
Ethiopia,2017,Male,Urban,45.75,50.8,91.04,1318.75
Ethiopia,2017,Female,Rural,18.49,79.09,60.19,1454.5
Ethiopia,2017,Female,Urban,30.23,66.9,64.63,2485.36
Ethiopia,2018,Male,Rural,42.28,59.91,65.57,1272.02
Ethiopia,2018,Male,Urban,31.14,63.75,61.14,300.0
Ethiopia,2018,Female,Rural,28.99,74.24,57.75,2144.39
Ethiopia,2018,Female,Urban,12.74,79.94,68.37,1828.26
Ethiopia,2019,Male,Rural,41.84,55.87,81.18,1176.89
Ethiopia,2019,Male,Urban,23.27,81.14,74.78,300.0
Ethiopia,2019,Female,Rural,39.77,67.14,55.62,1437.48
Ethiopia,2019,Female,Urban,29.94,71.36,56.75,797.03
Ethiopia,2020,Male,Rural,24.74,81.12,73.15,977.63
Ethiopia,2020,Male,Urban,32.72,53.04,82.23,300.0
Ethiopia,2020,Female,Rural,21.38,73.03,45.58,1896.5
Ethiopia,2020,Female,Urban,20.32,81.41,64.3,1486.22
Ethiopia,2021,Male,Rural,25.77,67.82,79.94,903.75
Ethiopia,2021,Male,Urban,9.43,88.43,87.51,1710.13
Ethiopia,2021,Female,Rural,21.51,76.74,60.18,2446.05
Ethiopia,2021,Female,Urban,28.82,73.33,80.45,1343.27
Ethiopia,2022,Male,Rural,22.41,76.61,63.93,1177.67
Ethiopia,2022,Male,Urban,32.28,67.98,75.99,1151.57
Ethiopia,2022,Female,Rural,25.79,64.22,78.74,1407.89
Ethiopia,2022,Female,Urban,34.98,50.54,95.0,1116.25
Ethiopia,2023,Male,Rural,36.08,58.72,74.19,567.95
Ethiopia,2023,Male,Urban,18.76,90.81,62.14,1330.46
Ethiopia,2023,Female,Rural,33.7,68.78,67.26,1418.98
Ethiopia,2023,Female,Urban,49.03,50.68,68.02,1830.39
Ghana,2010,Male,Rural,36.06,69.88,74.58,514.2
Ghana,2010,Male,Urban,41.33,52.93,69.54,747.43
Ghana,2010,Female,Rural,24.36,77.29,69.82,1453.15
Ghana,2010,Female,Urban,41.14,61.13,61.34,1778.45
Ghana,2011,Male,Rural,36.89,56.97,73.96,1620.7
Ghana,2011,Male,Urban,22.02,84.85,62.75,1275.35
Ghana,2011,Female,Rural,23.27,76.81,48.56,335.97
Ghana,2011,Female,Urban,40.95,54.82,50.13,300.0
Ghana,2012,Male,Rural,18.61,74.77,89.63,1805.89
Ghana,2012,Male,Urban,18.12,93.14,79.73,1005.1
Ghana,2012,Female,Rural,5.0,100.0,44.16,300.0
Ghana,2012,Female,Urban,35.23,76.97,85.76,1538.35
Ghana,2013,Male,Rural,30.95,73.32,76.38,1368.71
Ghana,2013,Male,Urban,26.04,73.65,53.69,1031.59
Ghana,2013,Female,Rural,8.07,91.44,50.17,537.85
Ghana,2013,Female,Urban,26.8,80.16,78.77,300.0
Ghana,2014,Male,Rural,15.1,89.6,50.26,1065.22
Ghana,2014,Male,Urban,30.5,64.66,66.58,399.58
Ghana,2014,Female,Rural,18.99,82.61,41.11,1464.28
Ghana,2014,Female,Urban,24.8,77.96,68.36,2018.48
Ghana,2015,Male,Rural,26.25,71.6,66.83,1525.98
Ghana,2015,Male,Urban,25.49,74.71,54.47,802.26
Ghana,2015,Female,Rural,10.97,97.77,46.34,784.26
Ghana,2015,Female,Urban,17.82,86.66,60.58,1948.65
Ghana,2016,Male,Rural,18.27,83.13,52.47,2487.09
Ghana,2016,Male,Urban,13.12,88.43,74.51,1448.28
Ghana,2016,Female,Rural,23.15,76.2,65.66,1111.8
Ghana,2016,Female,Urban,34.64,76.41,56.64,378.12
Ghana,2017,Male,Rural,24.12,88.78,52.94,2183.47
Ghana,2017,Male,Urban,41.78,55.46,73.53,2177.04
Ghana,2017,Female,Rural,21.21,77.77,56.27,591.15
Ghana,2017,Female,Urban,18.51,75.37,65.51,738.02
Ghana,2018,Male,Rural,27.34,64.88,69.96,1700.12
Ghana,2018,Male,Urban,5.06,96.81,83.42,474.22
Ghana,2018,Female,Rural,41.73,60.37,54.42,1166.54
Ghana,2018,Female,Urban,30.58,69.8,73.08,647.6
Ghana,2019,Male,Rural,26.69,66.24,63.33,657.66
Ghana,2019,Male,Urban,17.64,88.54,81.37,1565.48
Ghana,2019,Female,Rural,14.08,84.34,83.2,1285.03
Ghana,2019,Female,Urban,48.19,53.77,67.88,1014.53
Ghana,2020,Male,Rural,26.34,72.9,75.62,1774.02
Ghana,2020,Male,Urban,17.14,76.2,37.46,1504.79
Ghana,2020,Female,Rural,13.97,75.27,70.83,2695.8
Ghana,2020,Female,Urban,24.94,79.25,66.23,1140.67
Ghana,2021,Male,Rural,34.19,64.36,69.01,1393.02
Ghana,2021,Male,Urban,18.32,86.64,62.38,746.55
Ghana,2021,Female,Rural,30.37,65.14,65.42,1194.53
Ghana,2021,Female,Urban,35.86,66.51,64.62,1690.66
Ghana,2022,Male,Rural,38.9,63.89,65.16,412.9
Ghana,2022,Male,Urban,14.35,84.13,55.86,1087.82
Ghana,2022,Female,Rural,25.57,77.08,63.94,1491.9
Ghana,2022,Female,Urban,25.64,64.48,50.91,1113.55
Ghana,2023,Male,Rural,12.9,90.1,87.96,1931.26
Ghana,2023,Male,Urban,22.87,84.59,67.23,997.75
Ghana,2023,Female,Rural,18.87,79.62,59.18,1302.25
Ghana,2023,Female,Urban,26.61,73.41,71.55,1914.39
Zambia,2010,Male,Rural,34.5,58.08,26.69,1760.59
Zambia,2010,Male,Urban,11.33,87.54,47.45,300.0
Zambia,2010,Female,Rural,30.41,73.38,56.35,300.0
Zambia,2010,Female,Urban,19.54,82.42,42.82,1310.02
Zambia,2011,Male,Rural,24.85,78.05,66.79,616.16
Zambia,2011,Male,Urban,36.97,62.24,64.59,640.04
Zambia,2011,Female,Rural,20.57,75.01,62.41,2227.03
Zambia,2011,Female,Urban,11.28,80.65,87.07,1074.41
Zambia,2012,Male,Rural,18.31,86.89,55.92,2295.61
Zambia,2012,Male,Urban,31.78,65.78,95.0,836.57
Zambia,2012,Female,Rural,32.42,69.08,84.53,2136.91
Zambia,2012,Female,Urban,25.32,70.91,71.9,793.37
Zambia,2013,Male,Rural,45.13,55.55,59.52,1310.81
Zambia,2013,Male,Urban,11.53,83.61,83.01,805.86
Zambia,2013,Female,Rural,14.53,88.15,82.79,1631.37
Zambia,2013,Female,Urban,34.96,61.26,43.67,2100.8
Zambia,2014,Male,Rural,21.77,76.97,84.92,1533.74
Zambia,2014,Male,Urban,29.56,81.27,55.35,1756.7
Zambia,2014,Female,Rural,25.57,75.77,87.93,1504.7
Zambia,2014,Female,Urban,30.38,74.98,59.53,696.47
Zambia,2015,Male,Rural,14.55,75.62,95.0,538.07
Zambia,2015,Male,Urban,22.79,75.83,69.61,1689.44
Zambia,2015,Female,Rural,33.6,63.48,62.49,1369.55
Zambia,2015,Female,Urban,22.51,85.52,72.36,1640.93
Zambia,2016,Male,Rural,31.63,74.24,67.72,421.9
Zambia,2016,Male,Urban,29.0,67.75,57.07,1551.82
Zambia,2016,Female,Rural,37.38,62.72,69.63,2221.33
Zambia,2016,Female,Urban,27.41,85.6,73.48,300.0
Zambia,2017,Male,Rural,32.53,69.37,84.35,1603.91
Zambia,2017,Male,Urban,23.62,70.26,61.86,689.69
Zambia,2017,Female,Rural,19.19,83.75,90.05,1436.8
Zambia,2017,Female,Urban,13.04,89.18,82.95,834.13
Zambia,2018,Male,Rural,23.66,76.41,53.23,1588.97
Zambia,2018,Male,Urban,23.79,78.31,51.69,937.53
Zambia,2018,Female,Rural,32.22,65.91,90.9,960.22
Zambia,2018,Female,Urban,27.25,77.42,43.72,300.0
Zambia,2019,Male,Rural,9.74,96.57,56.72,2734.92
Zambia,2019,Male,Urban,19.36,81.57,88.13,2403.66
Zambia,2019,Female,Rural,45.62,60.43,80.36,1555.52
Zambia,2019,Female,Urban,32.78,64.46,52.73,1197.98
Zambia,2020,Male,Rural,23.3,74.44,75.45,1773.18
Zambia,2020,Male,Urban,25.88,81.5,47.87,1083.8
Zambia,2020,Female,Rural,17.83,72.84,63.76,1126.95
Zambia,2020,Female,Urban,40.13,63.02,49.64,2312.46
Zambia,2021,Male,Rural,37.21,65.7,61.6,624.34
Zambia,2021,Male,Urban,21.28,84.17,93.27,2125.95
Zambia,2021,Female,Rural,20.11,74.29,67.11,300.0
Zambia,2021,Female,Urban,28.23,71.03,58.01,300.0
Zambia,2022,Male,Rural,30.14,67.2,47.45,300.0
Zambia,2022,Male,Urban,24.72,84.14,89.92,925.74
Zambia,2022,Female,Rural,18.98,83.37,50.02,1381.08
Zambia,2022,Female,Urban,32.66,73.47,63.5,1077.8
Zambia,2023,Male,Rural,16.22,79.65,61.6,1420.42
Zambia,2023,Male,Urban,34.14,61.85,87.39,1037.33
Zambia,2023,Female,Rural,24.79,71.48,28.64,1730.43
Zambia,2023,Female,Urban,32.37,66.22,66.0,1509.56
Rwanda,2010,Male,Rural,9.37,87.98,76.91,447.43
Rwanda,2010,Male,Urban,27.94,65.28,72.0,1178.62
Rwanda,2010,Female,Rural,8.85,96.98,53.98,713.85
Rwanda,2010,Female,Urban,27.01,78.74,49.76,1237.01
Rwanda,2011,Male,Rural,29.29,74.18,67.65,979.78
Rwanda,2011,Male,Urban,16.72,83.71,48.92,300.0
Rwanda,2011,Female,Rural,29.37,75.15,29.56,594.16
Rwanda,2011,Female,Urban,31.19,79.1,65.31,763.2
Rwanda,2012,Male,Rural,23.17,83.7,55.31,720.48
Rwanda,2012,Male,Urban,20.17,75.06,66.84,2174.81
Rwanda,2012,Female,Rural,28.23,70.51,60.62,300.0
Rwanda,2012,Female,Urban,33.83,65.78,62.29,3000.0
Rwanda,2013,Male,Rural,27.99,68.25,58.6,1889.07
Rwanda,2013,Male,Urban,26.13,66.68,78.79,799.11
Rwanda,2013,Female,Rural,43.73,61.67,58.29,1968.61
Rwanda,2013,Female,Urban,25.68,78.59,72.27,692.19
Rwanda,2014,Male,Rural,18.56,86.59,59.98,957.81
Rwanda,2014,Male,Urban,15.45,86.67,95.0,559.48
Rwanda,2014,Female,Rural,25.24,81.82,63.81,1471.42
Rwanda,2014,Female,Urban,14.38,87.77,62.19,1791.44
Rwanda,2015,Male,Rural,36.87,76.07,73.69,1395.48
Rwanda,2015,Male,Urban,26.94,71.29,70.08,1022.76
Rwanda,2015,Female,Rural,26.68,79.9,49.9,1883.93
Rwanda,2015,Female,Urban,38.17,61.24,33.17,835.31
Rwanda,2016,Male,Rural,37.97,61.92,50.01,897.14
Rwanda,2016,Male,Urban,33.41,69.33,61.42,979.91
Rwanda,2016,Female,Rural,21.08,74.31,89.23,1006.61
Rwanda,2016,Female,Urban,37.17,70.43,79.97,941.03
Rwanda,2017,Male,Rural,29.04,70.84,51.44,1394.62
Rwanda,2017,Male,Urban,13.21,92.73,58.03,1320.7
Rwanda,2017,Female,Rural,27.83,70.87,73.8,915.06
Rwanda,2017,Female,Urban,33.71,59.56,66.9,2363.36
Rwanda,2018,Male,Rural,15.0,81.61,72.71,1307.75
Rwanda,2018,Male,Urban,28.51,73.94,74.52,1865.82
Rwanda,2018,Female,Rural,29.1,69.7,75.09,2339.93
Rwanda,2018,Female,Urban,23.67,71.45,81.61,1127.77
Rwanda,2019,Male,Rural,5.0,99.24,56.97,1145.68
Rwanda,2019,Male,Urban,28.32,72.63,75.64,938.71
Rwanda,2019,Female,Rural,30.13,68.57,76.08,1569.22
Rwanda,2019,Female,Urban,15.65,89.78,56.96,1684.83
Rwanda,2020,Male,Rural,28.67,80.52,61.65,990.41
Rwanda,2020,Male,Urban,24.81,73.68,77.0,300.0
Rwanda,2020,Female,Rural,14.46,80.2,79.25,2226.37
Rwanda,2020,Female,Urban,23.96,75.2,66.05,1897.13
Rwanda,2021,Male,Rural,15.73,85.47,79.63,1500.66
Rwanda,2021,Male,Urban,26.9,78.11,24.45,1606.73
Rwanda,2021,Female,Rural,18.46,72.39,72.67,2024.2
Rwanda,2021,Female,Urban,23.63,81.14,89.18,1988.95
Rwanda,2022,Male,Rural,41.4,62.31,66.13,300.0
Rwanda,2022,Male,Urban,22.54,73.24,95.0,1094.47
Rwanda,2022,Female,Rural,26.23,76.53,65.65,2217.03
Rwanda,2022,Female,Urban,18.77,82.2,53.86,407.99
Rwanda,2023,Male,Rural,18.88,80.93,58.56,784.55
Rwanda,2023,Male,Urban,10.94,88.65,42.43,1656.03
Rwanda,2023,Female,Rural,25.82,66.89,60.36,748.71
Rwanda,2023,Female,Urban,28.19,78.51,36.87,1269.02
South Africa,2010,Male,Rural,23.4,79.96,68.2,748.82
South Africa,2010,Male,Urban,21.81,74.21,81.14,1212.79
South Africa,2010,Female,Rural,44.01,55.68,54.37,300.0
South Africa,2010,Female,Urban,6.97,85.11,69.01,1505.24
South Africa,2011,Male,Rural,9.19,95.29,57.75,1288.08
South Africa,2011,Male,Urban,41.12,63.36,60.97,665.28
South Africa,2011,Female,Rural,5.0,91.4,61.83,607.69
South Africa,2011,Female,Urban,23.69,76.7,61.63,810.0
South Africa,2012,Male,Rural,26.69,75.52,48.64,2046.56
South Africa,2012,Male,Urban,24.01,76.08,75.62,1339.93
South Africa,2012,Female,Rural,34.53,66.9,55.81,1416.9
South Africa,2012,Female,Urban,13.56,86.98,64.5,1075.13
South Africa,2013,Male,Rural,23.71,66.88,56.77,1255.71
South Africa,2013,Male,Urban,26.6,68.26,83.99,680.3
South Africa,2013,Female,Rural,34.69,67.44,55.31,2265.19
South Africa,2013,Female,Urban,13.06,91.53,80.01,797.63
South Africa,2014,Male,Rural,38.92,59.83,69.33,1356.19
South Africa,2014,Male,Urban,23.66,80.4,76.9,300.0
South Africa,2014,Female,Rural,38.04,53.64,80.49,1876.02
South Africa,2014,Female,Urban,14.09,83.86,48.41,1071.05
South Africa,2015,Male,Rural,21.92,81.98,84.65,2037.41
South Africa,2015,Male,Urban,19.38,79.58,39.75,716.48
South Africa,2015,Female,Rural,34.65,73.43,46.48,844.52
South Africa,2015,Female,Urban,24.74,76.66,52.86,1454.44
South Africa,2016,Male,Rural,20.26,79.67,73.19,1203.85
South Africa,2016,Male,Urban,20.64,78.82,63.67,977.99
South Africa,2016,Female,Rural,22.41,85.58,73.41,1022.71
South Africa,2016,Female,Urban,31.97,66.36,82.6,1421.79
South Africa,2017,Male,Rural,23.93,78.31,41.44,523.94
South Africa,2017,Male,Urban,13.06,87.65,90.99,2538.78
South Africa,2017,Female,Rural,31.38,71.12,37.98,874.4
South Africa,2017,Female,Urban,17.12,79.77,62.48,916.75
South Africa,2018,Male,Rural,5.21,98.53,48.91,1343.55
South Africa,2018,Male,Urban,45.74,49.66,27.05,1028.4
South Africa,2018,Female,Rural,36.01,73.78,46.56,1498.02
South Africa,2018,Female,Urban,20.35,79.12,95.0,300.0
South Africa,2019,Male,Rural,27.54,74.8,81.29,1258.79
South Africa,2019,Male,Urban,28.08,69.96,69.04,994.08
South Africa,2019,Female,Rural,31.22,66.94,70.66,1182.44
South Africa,2019,Female,Urban,36.26,63.48,38.4,1957.15
South Africa,2020,Male,Rural,15.94,80.79,56.07,2024.66
South Africa,2020,Male,Urban,5.0,100.0,80.84,1333.94
South Africa,2020,Female,Rural,24.45,76.98,72.82,1587.13
South Africa,2020,Female,Urban,30.56,69.89,62.04,1109.24
South Africa,2021,Male,Rural,23.05,82.62,73.9,300.0
South Africa,2021,Male,Urban,31.56,69.41,64.72,966.89
South Africa,2021,Female,Rural,36.24,68.5,53.41,1444.23
South Africa,2021,Female,Urban,15.28,77.82,55.6,1717.44
South Africa,2022,Male,Rural,34.53,68.03,75.88,1509.71
South Africa,2022,Male,Urban,18.59,83.57,77.01,1652.57
South Africa,2022,Female,Rural,36.89,66.65,70.27,1842.09
South Africa,2022,Female,Urban,24.73,70.86,62.55,753.06
South Africa,2023,Male,Rural,18.25,81.03,53.11,1015.22
South Africa,2023,Male,Urban,6.06,95.0,65.02,709.75
South Africa,2023,Female,Rural,31.59,73.1,40.89,742.37
South Africa,2023,Female,Urban,17.31,77.99,77.44,1083.7
Malawi,2010,Male,Rural,22.35,67.63,74.53,456.44
Malawi,2010,Male,Urban,25.6,75.79,85.41,414.71
Malawi,2010,Female,Rural,5.0,95.92,92.01,1943.37
Malawi,2010,Female,Urban,27.1,70.45,77.11,615.87
Malawi,2011,Male,Rural,29.76,72.76,80.9,2855.8
Malawi,2011,Male,Urban,28.92,68.53,64.62,300.0
Malawi,2011,Female,Rural,18.05,79.9,57.14,1291.41
Malawi,2011,Female,Urban,16.78,88.83,65.0,1194.42
Malawi,2012,Male,Rural,21.72,79.05,77.38,679.72
Malawi,2012,Male,Urban,18.42,80.06,44.81,708.45
Malawi,2012,Female,Rural,20.24,84.13,68.94,1316.15
Malawi,2012,Female,Urban,33.51,65.8,70.86,1138.07
Malawi,2013,Male,Rural,27.65,69.43,28.42,1119.43
Malawi,2013,Male,Urban,39.23,65.4,79.48,1941.68
Malawi,2013,Female,Rural,25.89,75.1,55.74,1010.36
Malawi,2013,Female,Urban,31.16,74.86,62.91,929.89
Malawi,2014,Male,Rural,25.01,78.0,43.34,300.0
Malawi,2014,Male,Urban,19.49,74.4,57.38,1111.33
Malawi,2014,Female,Rural,20.47,86.79,69.9,1380.28
Malawi,2014,Female,Urban,31.22,63.08,80.59,1154.54
Malawi,2015,Male,Rural,31.7,62.94,41.69,1690.73
Malawi,2015,Male,Urban,28.76,66.73,51.96,1875.26
Malawi,2015,Female,Rural,13.11,95.11,51.49,1583.04
Malawi,2015,Female,Urban,21.71,81.3,56.84,1102.32
Malawi,2016,Male,Rural,25.41,69.58,76.11,892.07
Malawi,2016,Male,Urban,22.71,72.31,26.56,1085.38
Malawi,2016,Female,Rural,49.13,54.8,64.71,1042.27
Malawi,2016,Female,Urban,25.22,77.51,47.29,1868.59
Malawi,2017,Male,Rural,32.15,71.44,71.58,1211.77
Malawi,2017,Male,Urban,31.73,71.23,59.69,855.84
Malawi,2017,Female,Rural,26.02,81.73,46.41,319.48
Malawi,2017,Female,Urban,26.65,73.61,67.6,1346.37
Malawi,2018,Male,Rural,22.77,84.68,40.99,702.9
Malawi,2018,Male,Urban,23.97,67.82,62.36,2196.88
Malawi,2018,Female,Rural,25.21,75.94,46.1,830.18
Malawi,2018,Female,Urban,21.25,77.16,84.22,1534.61
Malawi,2019,Male,Rural,13.89,87.35,72.47,1884.09
Malawi,2019,Male,Urban,40.81,54.12,52.84,445.45
Malawi,2019,Female,Rural,22.66,79.67,79.81,1154.43
Malawi,2019,Female,Urban,21.8,78.96,52.47,2453.72
Malawi,2020,Male,Rural,8.92,92.0,95.0,1204.08
Malawi,2020,Male,Urban,23.1,75.11,62.29,2023.71
Malawi,2020,Female,Rural,5.0,100.0,43.64,1040.01
Malawi,2020,Female,Urban,20.71,82.24,41.03,1477.3
Malawi,2021,Male,Rural,45.24,47.94,67.85,802.81
Malawi,2021,Male,Urban,29.26,70.84,55.38,1492.72
Malawi,2021,Female,Rural,43.04,56.0,75.8,424.04
Malawi,2021,Female,Urban,15.44,86.93,87.26,1413.37
Malawi,2022,Male,Rural,21.87,78.13,46.24,1562.71
Malawi,2022,Male,Urban,33.82,63.92,57.95,1359.53
Malawi,2022,Female,Rural,20.63,79.04,95.0,1051.78
Malawi,2022,Female,Urban,21.42,75.35,76.16,1091.27
Malawi,2023,Male,Rural,18.51,88.1,86.29,839.75
Malawi,2023,Male,Urban,6.33,98.7,54.73,1674.38
Malawi,2023,Female,Rural,5.3,99.16,46.83,1638.46
Malawi,2023,Female,Urban,25.14,70.09,58.89,1611.79
